ID,HoursSleep,ClassTime,StudentSex,InstructorSex,Start,Stop,Status,Light
1,8,16,F,F,0,30,0,High
1,8,16,F,F,30,50,0,Low
2,10,10,M,F,0,40,0,Low
2,10,10,M,F,40,50,0,High
3,9,9,F,F,0,50,0,Low
4,9,12,F,M,0,6.49,1,Low
5,4,13,F,M,0,28.17,1,High
6,8,15,M,F,0,40,0,Low
6,8,15,M,F,40,50,0,High
7,4,9,M,M,0,50,0,High
8,7,11,F,F,0,6.27,1,Low
9,8,15,F,M,0,50,0,High
10,4,9,M,F,0,20,0,Low
10,4,9,M,F,20,40,0,High
10,4,9,M,F,40,50,0,Low
11,5,11,M,F,0,14.01,1,High
12,6,15,M,M,0,21.9,1,High
13,4,12,F,M,0,50,0,High
14,6,14,F,F,0,42.02,1,High
15,9,10,M,F,0,50,0,High
16,5,9,F,F,0,30,0,High
16,5,9,F,F,30,50,0,Low
17,6,10,F,M,0,10,0,Low
17,6,10,F,M,10,30,0,High
17,6,10,F,M,30,50,0,Low
18,10,16,F,F,0,19.47,1,High
19,10,13,F,M,0,8.58,1,High
20,10,10,F,M,0,20.76,1,High
21,4,16,M,M,0,46.93,1,High
22,9,11,F,F,0,40,0,Low
22,9,11,F,F,40,50,0,High
23,4,12,F,F,0,22.74,1,Low
24,7,12,M,F,0,40,0,High
24,7,12,M,F,40,50,0,Low
25,6,13,M,M,0,20,0,High
25,6,13,M,M,20,50,0,Low
26,9,15,M,M,0,20,0,Low
26,9,15,M,M,20,30,0,High
26,9,15,M,M,30,50,0,Low
27,4,14,F,M,0,5.35,1,Low
28,9,16,F,F,0,20,0,High
28,9,16,F,F,20,40,0,Low
28,9,16,F,F,40,50,0,High
29,8,9,M,M,0,40,0,Low
29,8,9,M,M,40,50,0,High
30,9,14,F,M,0,16.29,1,Low
31,9,11,M,M,0,22.16,1,Low
32,6,14,F,F,0,41.09,1,Low
33,4,12,M,M,0,10.85,1,Low
34,10,16,F,F,0,30,0,Low
34,10,16,F,F,30,50,0,High
35,8,14,M,F,0,30,0,Low
35,8,14,M,F,30,50,0,High
36,8,12,M,F,0,30,0,High
36,8,12,M,F,30,50,0,Low
37,9,10,F,F,0,30,0,Low
37,9,10,F,F,30,50,0,High
38,9,13,F,F,0,44.12,1,Low
39,5,15,F,M,0,49.56,1,Low
40,10,12,M,F,0,35.14,1,High
41,5,14,M,F,0,18.23,1,Low
42,6,14,F,F,0,50,0,Low
43,7,11,M,F,0,30,0,Low
43,7,11,M,F,30,50,0,High
44,6,12,F,F,0,30,0,High
44,6,12,F,F,30,50,0,Low
45,4,9,F,F,0,20,0,High
45,4,9,F,F,20,50,0,Low
46,10,14,F,F,0,7.84,1,Low
47,4,16,F,F,0,40,0,Low
47,4,16,F,F,40,50,0,High
48,8,10,F,F,0,50,0,High
49,10,14,M,M,0,2.37,1,Low
50,4,13,M,M,0,5.93,1,Low
51,5,12,M,F,0,40,0,Low
51,5,12,M,F,40,50,0,High
52,7,9,F,M,0,20,0,Low
52,7,9,F,M,20,50,0,High
53,8,11,M,F,0,10,0,Low
53,8,11,M,F,10,50,0,High
54,9,9,M,M,0,10,0,High
54,9,9,M,M,10,50,0,Low
55,8,11,F,F,0,40,0,High
55,8,11,F,F,40,50,0,Low
56,7,10,M,F,0,10,0,Low
56,7,10,M,F,10,40,0,High
56,7,10,M,F,40,40.04,1,Low
57,5,12,F,M,0,25.78,1,Low
58,8,13,M,M,0,19.81,1,Low
59,9,12,F,F,0,31.88,1,Low
60,8,12,M,F,0,10,0,Low
60,8,12,M,F,10,20.71,1,High
61,10,13,M,F,0,26.66,1,Low
62,5,14,M,F,0,20,0,High
62,5,14,M,F,20,50,0,Low
63,9,15,M,F,0,40,0,Low
63,9,15,M,F,40,50,0,High
64,10,13,M,F,0,50,0,High
65,7,9,F,F,0,10,0,Low
65,7,9,F,F,10,40,0,High
65,7,9,F,F,40,50,0,Low
66,7,13,M,M,0,40,0,Low
66,7,13,M,M,40,50,0,High
67,7,12,M,F,0,40,0,High
67,7,12,M,F,40,50,0,Low
68,7,12,M,M,0,18.54,1,Low
69,4,12,F,F,0,30,0,High
69,4,12,F,F,30,50,0,Low
70,5,9,F,M,0,40,0,High
70,5,9,F,M,40,50,0,Low
71,10,16,M,F,0,50,0,Low
72,5,15,M,M,0,29.06,1,High
73,9,15,M,F,0,30,0,Low
73,9,15,M,F,30,50,0,High
74,9,16,M,M,0,20,0,High
74,9,16,M,M,20,50,0,Low
75,6,11,M,M,0,8.05,1,Low
76,10,9,M,F,0,40,0,Low
76,10,9,M,F,40,50,0,High
77,8,16,M,M,0,50,0,High
78,6,15,F,M,0,10,0,Low
78,6,15,F,M,10,33.99,1,High
79,9,15,F,F,0,10,0,High
79,9,15,F,F,10,20,0,Low
79,9,15,F,F,20,50,0,High
80,8,9,F,F,0,10,0,High
80,8,9,F,F,10,50,0,Low
81,8,15,M,M,0,30,0,High
81,8,15,M,M,30,50,0,Low
82,4,9,M,F,0,20,0,Low
82,4,9,M,F,20,50,0,High
83,8,16,F,F,0,10,0,High
83,8,16,F,F,10,30,0,Low
83,8,16,F,F,30,50,0,High
84,9,16,M,M,0,30,0,High
84,9,16,M,M,30,50,0,Low
85,4,14,F,M,0,25.3,1,Low
86,5,13,M,F,0,10,0,Low
86,5,13,M,F,10,17.16,1,High
87,4,15,M,M,0,50,0,High
88,8,11,F,M,0,20,0,Low
88,8,11,F,M,20,50,0,High
89,10,13,M,F,0,8.1,1,Low
90,7,16,M,M,0,10,0,Low
90,7,16,M,M,10,30,0,High
90,7,16,M,M,30,50,0,Low
91,4,16,F,F,0,3.58,1,Low
92,9,10,M,M,0,10,0,High
92,9,10,M,M,10,40,0,Low
92,9,10,M,M,40,50,0,High
93,4,11,M,M,0,50,0,High
94,10,10,F,F,0,20,0,Low
94,10,10,F,F,20,40,0,High
94,10,10,F,F,40,50,0,Low
95,8,11,F,M,0,2.72,1,Low
96,6,13,F,F,0,10,0,Low
96,6,13,F,F,10,20.96,1,High
97,4,12,F,M,0,2.63,1,Low
98,10,11,F,M,0,48.7,1,High
99,5,15,M,F,0,4.82,1,High
100,9,10,F,M,0,10,0,Low
100,9,10,F,M,10,40,0,High
100,9,10,F,M,40,50,0,Low
101,8,9,M,M,0,50,0,High
102,6,9,F,F,0,10,0,Low
102,6,9,F,F,10,50,0,High
103,4,11,F,M,0,3.17,1,High
104,7,15,M,F,0,10,0,Low
104,7,15,M,F,10,20,0,High
104,7,15,M,F,20,50,0,Low
105,4,15,M,F,0,26.98,1,Low
106,5,13,F,F,0,50,0,High
107,4,16,F,M,0,50,0,High
108,10,14,F,M,0,2.41,1,Low
109,7,12,M,M,0,10,0,Low
109,7,12,M,M,10,20,0,High
109,7,12,M,M,20,20.11,1,Low
110,7,12,F,F,0,37.66,1,Low
111,4,12,F,F,0,32.9,1,High
112,7,9,F,F,0,10,0,Low
112,7,9,F,F,10,20,0,High
112,7,9,F,F,20,30,0,Low
112,7,9,F,F,30,40,0,High
112,7,9,F,F,40,50,0,Low
113,9,16,F,M,0,30,0,High
113,9,16,F,M,30,40,0,Low
113,9,16,F,M,40,50,0,High
114,4,16,F,F,0,10,0,Low
114,4,16,F,F,10,30,0,High
114,4,16,F,F,30,50,0,Low
115,8,12,M,M,0,40,0,Low
115,8,12,M,M,40,50,0,High
116,9,10,F,F,0,20,0,High
116,9,10,F,F,20,24.19,1,Low
117,10,12,F,F,0,6.36,1,High
118,7,10,F,F,0,40,0,Low
118,7,10,F,F,40,50,0,High
119,9,12,F,M,0,0.05,1,High
120,10,15,M,F,0,10,0,Low
120,10,15,M,F,10,15,1,High
121,6,16,F,M,0,20,0,High
121,6,16,F,M,20,50,0,Low
122,8,16,F,M,0,10,0,High
122,8,16,F,M,10,20,0,Low
122,8,16,F,M,20,50,0,High
123,7,11,M,F,0,50,0,High
124,8,15,M,M,0,20,0,Low
124,8,15,M,M,20,30,0,High
124,8,15,M,M,30,33.19,1,Low
125,10,15,M,F,0,40,0,High
125,10,15,M,F,40,42.36,1,Low
126,8,15,F,F,0,50,0,Low
127,4,15,F,M,0,20,0,High
127,4,15,F,M,20,35.83,1,Low
128,8,11,F,F,0,20,0,High
128,8,11,F,F,20,25.57,1,Low
129,5,15,M,M,0,3.81,1,High
130,6,13,F,F,0,13.35,1,High
131,6,16,M,M,0,30,0,High
131,6,16,M,M,30,50,0,Low
132,4,15,F,F,0,2.17,1,Low
133,10,15,F,F,0,50,0,High
134,10,14,M,F,0,10.69,1,Low
135,9,15,M,M,0,50,0,High
136,4,16,F,M,0,20,0,High
136,4,16,F,M,20,50,0,Low
137,6,10,M,F,0,14.35,1,Low
138,8,13,F,M,0,23.39,1,Low
139,6,10,M,F,0,30,0,Low
139,6,10,M,F,30,50,0,High
140,9,13,M,M,0,4,1,High
141,6,13,F,M,0,30,0,Low
141,6,13,F,M,30,50,0,High
142,9,12,F,F,0,10,0,Low
142,9,12,F,F,10,50,0,High
143,4,13,F,F,0,10,0,High
143,4,13,F,F,10,20.34,1,Low
144,7,15,F,M,0,30,0,High
144,7,15,F,M,30,50,0,Low
145,5,10,M,M,0,20,0,High
145,5,10,M,M,20,50,0,Low
146,5,12,F,F,0,10,0,Low
146,5,12,F,F,10,50,0,High
147,8,10,M,M,0,30,0,High
147,8,10,M,M,30,50,0,Low
148,7,14,M,F,0,10,0,High
148,7,14,M,F,10,20,0,Low
148,7,14,M,F,20,50,0,High
149,9,13,F,F,0,32.98,1,High
150,6,12,M,M,0,43.09,1,High
151,4,14,M,F,0,1.41,1,Low
152,4,16,F,F,0,8.9,1,Low
153,10,14,M,M,0,37.65,1,Low
154,6,16,F,M,0,20,0,High
154,6,16,F,M,20,30,0,Low
154,6,16,F,M,30,50,0,High
155,8,16,F,F,0,10,0,Low
155,8,16,F,F,10,37.93,1,High
156,7,14,F,F,0,20,0,Low
156,7,14,F,F,20,50,0,High
157,7,12,F,F,0,0.74,1,Low
158,9,15,M,M,0,40,0,High
158,9,15,M,M,40,50,0,Low
159,5,15,F,M,0,40,0,High
159,5,15,F,M,40,50,0,Low
160,10,14,F,F,0,42.13,1,High
161,8,11,F,F,0,14.49,1,Low
162,4,9,F,F,0,20,0,Low
162,4,9,F,F,20,50,0,High
163,8,9,M,M,0,20,0,Low
163,8,9,M,M,20,40,0,High
163,8,9,M,M,40,50,0,Low
164,7,9,F,M,0,50,0,High
165,10,9,F,F,0,20,0,Low
165,10,9,F,F,20,50,0,High
166,8,13,M,F,0,30,0,High
166,8,13,M,F,30,50,0,Low
167,6,11,F,F,0,10,0,High
167,6,11,F,F,10,16.45,1,Low
168,5,11,M,M,0,50,0,High
169,4,9,M,M,0,50,0,High
170,6,9,F,M,0,30,0,Low
170,6,9,F,M,30,50,0,High
171,8,16,M,F,0,20,0,Low
171,8,16,M,F,20,40,0,High
171,8,16,M,F,40,50,0,Low
172,4,15,F,M,0,28.83,1,Low
173,7,13,F,M,0,10,0,Low
173,7,13,F,M,10,37.6,1,High
174,5,9,F,M,0,20,0,Low
174,5,9,F,M,20,50,0,High
175,5,15,F,F,0,1.7,1,High
176,7,14,F,M,0,40.84,1,High
177,8,15,M,M,0,20,0,Low
177,8,15,M,M,20,40,0,High
177,8,15,M,M,40,50,0,Low
178,5,13,F,F,0,10,1,Low
179,7,9,F,M,0,10,0,High
179,7,9,F,M,10,30,0,Low
179,7,9,F,M,30,50,0,High
180,9,10,M,M,0,30,0,Low
180,9,10,M,M,30,50,0,High
181,8,16,F,M,0,10,0,Low
181,8,16,F,M,10,50,0,High
182,9,12,F,M,0,30,0,Low
182,9,12,F,M,30,50,0,High
183,9,16,M,M,0,30,0,Low
183,9,16,M,M,30,50,0,High
184,9,16,F,M,0,30,0,High
184,9,16,F,M,30,42.51,1,Low
185,7,15,M,M,0,20,0,High
185,7,15,M,M,20,40,0,Low
185,7,15,M,M,40,50,0,High
186,6,11,F,F,0,30,0,High
186,6,11,F,F,30,30.29,1,Low
187,8,13,F,M,0,20,0,Low
187,8,13,F,M,20,27.83,1,High
188,6,15,F,M,0,24.33,1,Low
189,8,13,F,M,0,50,0,High
190,10,10,M,F,0,30,0,Low
190,10,10,M,F,30,40,0,High
190,10,10,M,F,40,50,0,Low
191,5,12,F,F,0,7.11,1,High
192,5,15,F,M,0,9.06,1,Low
193,10,14,F,M,0,30,0,Low
193,10,14,F,M,30,50,0,High
194,9,11,M,F,0,40,0,High
194,9,11,M,F,40,50,0,Low
195,6,11,M,F,0,20,0,High
195,6,11,M,F,20,49.74,1,Low
196,8,9,M,M,0,42.86,1,Low
197,5,16,F,M,0,10,0,Low
197,5,16,F,M,10,30.72,1,High
198,7,9,F,M,0,40,0,Low
198,7,9,F,M,40,50,0,High
199,6,12,M,M,0,10,0,Low
199,6,12,M,M,10,32.72,1,High
200,5,9,F,M,0,40,0,High
200,5,9,F,M,40,50,0,Low
201,10,13,M,F,0,20,0,High
201,10,13,M,F,20,41.77,1,Low
202,9,9,M,M,0,20,0,High
202,9,9,M,M,20,50,0,Low
203,5,12,M,M,0,40,0,High
203,5,12,M,M,40,50,0,Low
204,8,10,M,M,0,30,0,Low
204,8,10,M,M,30,50,0,High
205,9,14,F,F,0,19.79,1,Low
206,7,9,F,F,0,50,0,Low
207,7,15,M,M,0,10,0,Low
207,7,15,M,M,10,40.89,1,High
208,6,11,M,F,0,50,0,Low
209,6,13,F,F,0,20,0,High
209,6,13,F,F,20,50,0,Low
210,9,9,F,M,0,50,0,High
211,6,12,F,F,0,20,0,Low
211,6,12,F,F,20,50,0,High
212,9,16,F,F,0,40,0,High
212,9,16,F,F,40,50,0,Low
213,4,11,M,M,0,3.24,1,Low
214,9,9,F,F,0,50,0,Low
215,9,15,F,F,0,10,0,High
215,9,15,F,F,10,20,0,Low
215,9,15,F,F,20,40,0,High
215,9,15,F,F,40,50,0,Low
216,4,13,F,M,0,20,0,Low
216,4,13,F,M,20,50,0,High
217,10,16,M,F,0,12.81,1,Low
218,9,9,M,M,0,10,0,High
218,9,9,M,M,10,50,0,Low
219,10,16,M,F,0,20,0,Low
219,10,16,M,F,20,40,0,High
219,10,16,M,F,40,50,0,Low
220,6,11,F,F,0,10,0,High
220,6,11,F,F,10,50,0,Low
221,9,9,F,M,0,40,0,Low
221,9,9,F,M,40,50,0,High
222,9,15,M,F,0,20,0,Low
222,9,15,M,F,20,50,0,High
223,8,10,M,F,0,30,0,High
223,8,10,M,F,30,50,0,Low
224,9,11,F,F,0,20,0,Low
224,9,11,F,F,20,26.61,1,High
225,9,12,M,F,0,10,0,Low
225,9,12,M,F,10,50,0,High
226,6,16,F,F,0,40,0,High
226,6,16,F,F,40,50,0,Low
227,5,14,F,F,0,50,0,High
228,7,11,M,F,0,50,0,High
229,6,12,M,M,0,50,0,Low
230,6,16,F,F,0,23.82,1,Low
231,6,15,M,M,0,50,0,Low
232,9,10,F,M,0,30,0,High
232,9,10,F,M,30,40,0,Low
232,9,10,F,M,40,50,0,High
233,5,12,F,M,0,40,0,Low
233,5,12,F,M,40,50,0,High
234,10,11,F,M,0,30,0,Low
234,10,11,F,M,30,40,0,High
234,10,11,F,M,40,50,0,Low
235,5,15,F,F,0,40,0,High
235,5,15,F,F,40,40.39,1,Low
236,10,11,F,M,0,40,0,Low
236,10,11,F,M,40,50,0,High
237,7,16,F,M,0,30,0,High
237,7,16,F,M,30,50,0,Low
238,4,15,M,F,0,10,0,High
238,4,15,M,F,10,20,0,Low
238,4,15,M,F,20,43.24,1,High
239,7,11,M,M,0,10,0,High
239,7,11,M,M,10,40,0,Low
239,7,11,M,M,40,50,0,High
240,5,13,F,F,0,8.81,1,High
241,6,16,F,M,0,20,0,Low
241,6,16,F,M,20,40,0,High
241,6,16,F,M,40,50,0,Low
242,4,14,F,M,0,20,0,High
242,4,14,F,M,20,41.58,1,Low
243,9,14,M,F,0,40,0,Low
243,9,14,M,F,40,50,0,High
244,4,13,F,M,0,10,0,High
244,4,13,F,M,10,11.44,1,Low
245,4,15,M,F,0,30,0,Low
245,4,15,M,F,30,50,0,High
246,7,10,M,F,0,30,0,Low
246,7,10,M,F,30,50,0,High
247,8,15,F,M,0,20,0,Low
247,8,15,F,M,20,33.8,1,High
248,5,14,F,M,0,20.07,1,Low
249,5,15,F,M,0,30,0,High
249,5,15,F,M,30,50,0,Low
250,6,12,F,M,0,20,0,High
250,6,12,F,M,20,50,0,Low
251,5,9,F,M,0,40,0,High
251,5,9,F,M,40,50,0,Low
252,6,12,F,F,0,30,0,Low
252,6,12,F,F,30,50,0,High
253,8,10,F,F,0,20,0,Low
253,8,10,F,F,20,50,0,High
254,6,9,M,M,0,40,0,High
254,6,9,M,M,40,50,0,Low
255,7,15,F,F,0,50,0,High
256,6,10,M,F,0,7.31,1,High
257,8,15,F,M,0,10,0,High
257,8,15,F,M,10,40,0,Low
257,8,15,F,M,40,50,0,High
258,10,12,M,M,0,37.98,1,Low
259,8,9,F,F,0,50,0,Low
260,7,14,M,M,0,50,0,Low
261,8,14,F,M,0,20,0,Low
261,8,14,F,M,20,30,0,High
261,8,14,F,M,30,50,0,Low
262,5,13,M,M,0,10,0,High
262,5,13,M,M,10,40,0,Low
262,5,13,M,M,40,50,0,High
263,9,16,M,M,0,50,0,High
264,5,10,F,M,0,50,0,High
265,7,12,M,F,0,12.33,1,High
266,7,9,F,M,0,30,0,Low
266,7,9,F,M,30,50,0,High
267,9,15,M,M,0,30,0,Low
267,9,15,M,M,30,50,0,High
268,9,12,M,F,0,20,0,High
268,9,12,M,F,20,24.97,1,Low
269,5,14,M,F,0,10,0,Low
269,5,14,M,F,10,30,0,High
269,5,14,M,F,30,50,0,Low
270,9,10,F,M,0,10,0,High
270,9,10,F,M,10,20,0,Low
270,9,10,F,M,20,50,0,High
271,4,13,M,F,0,10,0,High
271,4,13,M,F,10,20,0,Low
271,4,13,M,F,20,30,0,High
271,4,13,M,F,30,35.78,1,Low
272,8,14,M,M,0,50,0,Low
273,6,13,M,M,0,10,0,Low
273,6,13,M,M,10,20,0,High
273,6,13,M,M,20,30,0,Low
273,6,13,M,M,30,50,0,High
274,7,11,M,F,0,6.61,1,Low
275,8,14,M,F,0,10,0,Low
275,8,14,M,F,10,30,0,High
275,8,14,M,F,30,50,0,Low
276,10,12,F,F,0,30,0,High
276,10,12,F,F,30,40,0,Low
276,10,12,F,F,40,41.79,1,High
277,5,12,M,F,0,21.29,1,Low
278,8,9,F,F,0,10,0,Low
278,8,9,F,F,10,50,0,High
279,7,10,M,F,0,20,0,High
279,7,10,M,F,20,30,0,Low
279,7,10,M,F,30,50,0,High
280,8,10,M,M,0,40,0,Low
280,8,10,M,M,40,50,0,High
281,7,14,F,M,0,6.18,1,Low
282,9,15,M,M,0,40,0,Low
282,9,15,M,M,40,50,0,High
283,5,16,M,F,0,10,0,High
283,5,16,M,F,10,30,0,Low
283,5,16,M,F,30,40,0,High
283,5,16,M,F,40,50,0,Low
284,7,10,F,M,0,10,0,High
284,7,10,F,M,10,40,0,Low
284,7,10,F,M,40,50,0,High
285,4,14,M,F,0,50,0,High
286,9,14,F,M,0,30,0,Low
286,9,14,F,M,30,48.72,1,High
287,4,14,M,F,0,6.96,1,Low
288,10,14,F,M,0,10,0,High
288,10,14,F,M,10,50,0,Low
289,5,14,F,M,0,10,0,High
289,5,14,F,M,10,26.81,1,Low
290,7,13,F,M,0,14.95,1,High
291,8,13,M,F,0,30,0,High
291,8,13,M,F,30,34.11,1,Low
292,10,11,F,M,0,50,0,Low
293,5,16,M,M,0,20,0,Low
293,5,16,M,M,20,50,0,High
294,9,11,M,M,0,30,0,Low
294,9,11,M,M,30,50,0,High
295,6,14,F,F,0,16.49,1,Low
296,5,11,F,M,0,30,0,High
296,5,11,F,M,30,50,0,Low
297,8,15,M,F,0,10,0,Low
297,8,15,M,F,10,20,0,High
297,8,15,M,F,20,40,0,Low
297,8,15,M,F,40,50,0,High
298,9,11,M,M,0,30,0,High
298,9,11,M,M,30,50,0,Low
299,9,12,F,M,0,4.29,1,High
300,6,14,F,F,0,30,0,Low
300,6,14,F,F,30,41.67,1,High
301,5,9,F,M,0,20,0,Low
301,5,9,F,M,20,50,0,High
302,9,15,M,F,0,10,0,Low
302,9,15,M,F,10,40,0,High
302,9,15,M,F,40,50,0,Low
303,10,16,F,F,0,20,0,Low
303,10,16,F,F,20,50,0,High
304,8,11,F,M,0,10,0,Low
304,8,11,F,M,10,20,0,High
304,8,11,F,M,20,30,0,Low
304,8,11,F,M,30,50,0,High
305,4,16,M,M,0,50,0,High
306,4,9,M,M,0,20,0,High
306,4,9,M,M,20,50,0,Low
307,8,16,F,M,0,19.89,1,Low
308,7,10,M,M,0,10,0,High
308,7,10,M,M,10,12.25,1,Low
309,8,12,M,M,0,16.11,1,Low
310,6,12,F,M,0,30,0,High
310,6,12,F,M,30,47.42,1,Low
311,5,14,F,M,0,7.2,1,Low
312,6,15,F,F,0,44.98,1,High
313,6,12,M,M,0,9.77,1,High
314,6,13,M,F,0,20,0,Low
314,6,13,M,F,20,50,0,High
315,4,12,F,M,0,10,0,Low
315,4,12,F,M,10,20.48,1,High
316,10,11,M,M,0,40,0,Low
316,10,11,M,M,40,50,0,High
317,9,9,M,F,0,40,0,High
317,9,9,M,F,40,50,0,Low
318,8,13,F,M,0,9.46,1,High
319,10,9,F,F,0,40,0,Low
319,10,9,F,F,40,50,0,High
320,5,11,F,M,0,50,0,Low
321,10,9,M,F,0,20,0,High
321,10,9,M,F,20,50,0,Low
322,6,12,M,M,0,10,0,High
322,6,12,M,M,10,20,0,Low
322,6,12,M,M,20,50,0,High
323,6,15,M,F,0,6.45,1,High
324,8,15,M,M,0,24.68,1,Low
325,8,14,F,F,0,50,0,High
326,7,9,M,M,0,30,0,Low
326,7,9,M,M,30,50,0,High
327,7,10,M,F,0,30,0,Low
327,7,10,M,F,30,40,0,High
327,7,10,M,F,40,50,0,Low
328,10,10,M,F,0,40,0,Low
328,10,10,M,F,40,50,0,High
329,7,13,F,M,0,50,0,High
330,10,16,F,F,0,10,0,Low
330,10,16,F,F,10,30,0,High
330,10,16,F,F,30,50,0,Low
331,10,10,M,M,0,20,0,High
331,10,10,M,M,20,50,0,Low
332,8,9,M,M,0,50,0,Low
333,6,12,M,F,0,40,0,High
333,6,12,M,F,40,50,0,Low
334,9,16,M,M,0,40,0,High
334,9,16,M,M,40,50,0,Low
335,5,10,M,M,0,30,0,Low
335,5,10,M,M,30,50,0,High
336,4,11,F,M,0,10,0,High
336,4,11,F,M,10,10.27,1,Low
337,10,15,F,M,0,17.9,1,High
338,8,16,M,M,0,20,0,High
338,8,16,M,M,20,50,0,Low
339,6,13,F,M,0,27.21,1,Low
340,9,14,F,M,0,20,0,High
340,9,14,F,M,20,21.91,1,Low
341,6,16,F,M,0,9.04,1,Low
342,8,11,M,F,0,30,0,High
342,8,11,M,F,30,50,0,Low
343,4,11,M,M,0,10,0,High
343,4,11,M,M,10,31.43,1,Low
344,6,14,F,F,0,10,0,High
344,6,14,F,F,10,49.17,1,Low
345,10,15,F,F,0,30,0,Low
345,10,15,F,F,30,40,0,High
345,10,15,F,F,40,50,0,Low
346,7,13,F,F,0,3.95,1,High
347,7,11,F,M,0,50,0,Low
348,9,11,F,F,0,40,0,High
348,9,11,F,F,40,50,0,Low
349,10,13,M,F,0,20,0,High
349,10,13,M,F,20,35.8,1,Low
350,6,15,M,M,0,20,0,High
350,6,15,M,M,20,50,0,Low
351,6,15,F,M,0,10,0,Low
351,6,15,F,M,10,11.13,1,High
352,5,13,F,M,0,7.63,1,High
353,4,15,M,M,0,40,0,High
353,4,15,M,M,40,41.23,1,Low
354,4,16,F,F,0,20,0,Low
354,4,16,F,F,20,40,0,High
354,4,16,F,F,40,50,0,Low
355,4,9,F,F,0,10,0,Low
355,4,9,F,F,10,50,0,High
356,4,15,F,M,0,17.58,1,High
357,6,15,F,M,0,10,0,Low
357,6,15,F,M,10,26.5,1,High
358,6,9,F,M,0,10,0,Low
358,6,9,F,M,10,40,0,High
358,6,9,F,M,40,50,0,Low
359,7,12,M,F,0,10,0,High
359,7,12,M,F,10,50,0,Low
360,8,9,M,M,0,50,0,High
361,8,11,F,F,0,20,0,High
361,8,11,F,F,20,50,0,Low
362,7,11,M,M,0,35.82,1,High
363,8,16,M,M,0,40,0,High
363,8,16,M,M,40,50,0,Low
364,10,15,M,F,0,2.95,1,Low
365,10,15,F,F,0,50,0,Low
366,5,10,M,M,0,30,0,High
366,5,10,M,M,30,50,0,Low
367,7,14,F,F,0,30,0,High
367,7,14,F,F,30,40,0,Low
367,7,14,F,F,40,50,0,High
368,9,10,M,F,0,40,0,Low
368,9,10,M,F,40,50,0,High
369,7,13,F,M,0,10,0,High
369,7,13,F,M,10,31.13,1,Low
370,7,15,M,F,0,36.3,1,High
371,6,13,F,M,0,26.72,1,High
372,5,15,M,M,0,44.76,1,Low
373,4,12,M,M,0,9.53,1,High
374,8,10,F,M,0,10,0,High
374,8,10,F,M,10,14.12,1,Low
375,6,14,F,F,0,30,0,High
375,6,14,F,F,30,36.48,1,Low
376,10,11,F,M,0,20,0,High
376,10,11,F,M,20,39.91,1,Low
377,9,15,F,M,0,50,0,High
378,10,15,M,M,0,10,0,Low
378,10,15,M,M,10,30,0,High
378,10,15,M,M,30,50,0,Low
379,9,15,M,F,0,21.26,1,Low
380,9,15,M,F,0,30,0,High
380,9,15,M,F,30,50,0,Low
381,10,12,M,F,0,50,0,Low
382,5,14,M,M,0,50,0,Low
383,7,16,F,M,0,20,0,Low
383,7,16,F,M,20,30,0,High
383,7,16,F,M,30,50,0,Low
384,5,11,M,M,0,27.7,1,High
385,6,9,F,M,0,50,0,Low
386,10,16,F,F,0,50,0,High
387,8,11,F,M,0,7.07,1,Low
388,8,15,F,F,0,20,0,Low
388,8,15,F,F,20,22.69,1,High
389,6,16,F,M,0,1.39,1,Low
390,7,11,F,F,0,40,0,Low
390,7,11,F,F,40,50,0,High
391,9,10,M,F,0,40,0,Low
391,9,10,M,F,40,50,0,High
392,6,12,M,F,0,30,0,Low
392,6,12,M,F,30,50,0,High
393,4,9,M,M,0,20,0,Low
393,4,9,M,M,20,50,0,High
394,6,13,M,F,0,40,0,High
394,6,13,M,F,40,50,0,Low
395,5,10,F,M,0,6.02,1,Low
396,6,15,F,F,0,30,0,High
396,6,15,F,F,30,50,0,Low
397,9,14,M,F,0,19.13,1,High
398,9,15,M,F,0,10,0,High
398,9,15,M,F,10,40.84,1,Low
399,7,14,F,F,0,10,0,Low
399,7,14,F,F,10,22.79,1,High
400,4,13,F,F,0,10.06,1,High
401,8,11,M,M,0,30,0,Low
401,8,11,M,M,30,50,0,High
402,10,11,F,F,0,20,0,Low
402,10,11,F,F,20,50,0,High
403,5,12,M,M,0,30,0,High
403,5,12,M,M,30,50,0,Low
404,4,9,M,M,0,40,0,High
404,4,9,M,M,40,50,0,Low
405,9,16,M,M,0,20,0,High
405,9,16,M,M,20,50,0,Low
406,8,11,F,F,0,40,0,High
406,8,11,F,F,40,50,0,Low
407,5,14,F,M,0,24.19,1,High
408,6,14,M,M,0,0.72,1,Low
409,5,12,M,F,0,12.79,1,Low
410,8,9,F,F,0,40,0,Low
410,8,9,F,F,40,50,0,High
411,9,14,F,F,0,29.63,1,Low
412,9,16,F,F,0,20,0,High
412,9,16,F,F,20,50,0,Low
413,8,10,F,M,0,40,0,Low
413,8,10,F,M,40,50,0,High
414,7,16,F,M,0,30,0,High
414,7,16,F,M,30,36.64,1,Low
415,7,10,M,M,0,10,0,High
415,7,10,M,M,10,50,0,Low
416,5,11,F,M,0,5.21,1,High
417,7,10,M,M,0,20,0,Low
417,7,10,M,M,20,40,0,High
417,7,10,M,M,40,50,0,Low
418,5,14,F,F,0,48.38,1,Low
419,4,13,F,F,0,20.38,1,High
420,7,9,M,M,0,50,0,High
421,4,9,F,M,0,40,0,Low
421,4,9,F,M,40,50,0,High
422,4,12,M,F,0,20,0,High
422,4,12,M,F,20,24.45,1,Low
423,9,15,M,M,0,10,0,Low
423,9,15,M,M,10,50,0,High
424,5,10,F,M,0,10,0,Low
424,5,10,F,M,10,25.07,1,High
425,7,13,F,M,0,40,0,High
425,7,13,F,M,40,46.35,1,Low
426,10,13,M,F,0,30,0,High
426,10,13,M,F,30,31.76,1,Low
427,5,15,M,M,0,20,0,Low
427,5,15,M,M,20,50,0,High
428,7,14,M,M,0,36.64,1,High
429,8,14,M,M,0,20,0,Low
429,8,14,M,M,20,50,0,High
430,10,10,F,F,0,40,0,High
430,10,10,F,F,40,41.41,1,Low
431,10,10,F,F,0,50,0,High
432,4,14,M,M,0,12.29,1,High
433,8,14,M,F,0,30,0,Low
433,8,14,M,F,30,40,0,High
433,8,14,M,F,40,50,0,Low
434,9,10,M,F,0,50,0,High
435,10,13,F,M,0,20,0,High
435,10,13,F,M,20,50,0,Low
436,5,11,M,F,0,20,0,Low
436,5,11,M,F,20,25.67,1,High
437,6,14,M,M,0,13.73,1,Low
438,4,12,M,M,0,20.54,1,Low
439,6,11,M,M,0,20,0,Low
439,6,11,M,M,20,30,0,High
439,6,11,M,M,30,50,0,Low
440,4,13,M,M,0,20,0,Low
440,4,13,M,M,20,28.22,1,High
441,5,16,F,F,0,10,0,Low
441,5,16,F,F,10,11.08,1,High
442,6,10,F,F,0,50,0,Low
443,10,13,M,M,0,2.14,1,Low
444,7,11,F,M,0,20,0,High
444,7,11,F,M,20,31.53,1,Low
445,5,13,F,M,0,10,0,Low
445,5,13,F,M,10,30,0,High
445,5,13,F,M,30,50,0,Low
446,6,15,F,M,0,50,0,Low
447,8,13,F,M,0,10,0,Low
447,8,13,F,M,10,40,0,High
447,8,13,F,M,40,50,0,Low
448,9,9,F,F,0,10,0,High
448,9,9,F,F,10,30,0,Low
448,9,9,F,F,30,50,0,High
449,4,11,M,F,0,10.83,1,High
450,5,14,M,M,0,50,0,Low
451,4,12,F,F,0,40,0,High
451,4,12,F,F,40,50,0,Low
452,10,14,M,M,0,50,0,High
453,9,16,M,F,0,30,0,High
453,9,16,M,F,30,44.2,1,Low
454,9,16,M,F,0,30,0,Low
454,9,16,M,F,30,50,0,High
455,8,9,M,M,0,30,0,Low
455,8,9,M,M,30,50,0,High
456,4,14,F,F,0,18.51,1,Low
457,6,12,M,F,0,30,0,High
457,6,12,M,F,30,50,0,Low
458,8,15,M,M,0,20,0,Low
458,8,15,M,M,20,50,0,High
459,4,13,M,F,0,3.53,1,Low
460,7,13,F,M,0,29.63,1,High
461,10,11,F,F,0,40,0,Low
461,10,11,F,F,40,50,0,High
462,4,9,M,M,0,30,0,High
462,4,9,M,M,30,50,0,Low
463,7,10,F,F,0,40,0,Low
463,7,10,F,F,40,50,0,High
464,5,16,F,F,0,50,0,Low
465,8,13,F,M,0,50,0,High
466,4,12,M,F,0,2.6,1,Low
467,5,9,M,M,0,20,0,Low
467,5,9,M,M,20,50,0,High
468,8,16,F,M,0,0.42,1,High
469,7,13,M,M,0,7.79,1,Low
470,4,16,F,M,0,10,0,Low
470,4,16,F,M,10,10.03,1,High
471,10,13,F,M,0,10,0,High
471,10,13,F,M,10,20.35,1,Low
472,4,10,F,F,0,19.12,1,High
473,7,13,F,F,0,30,0,High
473,7,13,F,F,30,30.46,1,Low
474,9,14,F,F,0,16.57,1,Low
475,4,10,M,M,0,10,0,High
475,4,10,M,M,10,50,0,Low
476,8,10,M,M,0,20,0,Low
476,8,10,M,M,20,40,0,High
476,8,10,M,M,40,50,0,Low
477,7,11,F,M,0,50,0,High
478,4,16,M,F,0,20,0,Low
478,4,16,M,F,20,50,0,High
479,4,15,M,M,0,40,0,High
479,4,15,M,M,40,50,0,Low
480,4,16,F,F,0,30,0,High
480,4,16,F,F,30,40,0,Low
480,4,16,F,F,40,50,0,High
481,8,11,F,M,0,40,0,Low
481,8,11,F,M,40,50,0,High
482,6,13,F,M,0,30.39,1,High
483,10,16,F,F,0,10,0,High
483,10,16,F,F,10,40,0,Low
483,10,16,F,F,40,50,0,High
484,8,13,F,M,0,10,0,High
484,8,13,F,M,10,20,0,Low
484,8,13,F,M,20,50,0,High
485,10,16,F,M,0,30,0,High
485,10,16,F,M,30,50,0,Low
486,8,16,F,M,0,30,0,Low
486,8,16,F,M,30,50,0,High
487,9,16,M,M,0,10,0,Low
487,9,16,M,M,10,50,0,High
488,4,12,F,M,0,10,0,Low
488,4,12,F,M,10,23.75,1,High
489,8,16,M,M,0,10,0,High
489,8,16,M,M,10,29.87,1,Low
490,5,13,F,F,0,26.6,1,Low
491,5,10,F,M,0,10,0,Low
491,5,10,F,M,10,50,0,High
492,7,11,M,F,0,33.09,1,Low
493,6,15,F,M,0,40,0,High
493,6,15,F,M,40,45.08,1,Low
494,9,13,M,F,0,20,0,High
494,9,13,M,F,20,40,0,Low
494,9,13,M,F,40,50,0,High
495,6,16,F,M,0,20,0,High
495,6,16,F,M,20,30,0,Low
495,6,16,F,M,30,40,0,High
495,6,16,F,M,40,50,0,Low
496,7,12,F,F,0,50,0,Low
497,4,12,F,F,0,20,0,Low
497,4,12,F,F,20,30.15,1,High
498,6,10,F,M,0,50,0,High
499,9,12,F,F,0,20,0,High
499,9,12,F,F,20,50,0,Low
500,6,13,M,M,0,30,0,Low
500,6,13,M,M,30,50,0,High
501,6,14,M,M,0,10,0,Low
501,6,14,M,M,10,40,0,High
501,6,14,M,M,40,50,0,Low
502,5,10,M,M,0,10,0,Low
502,5,10,M,M,10,20,0,High
502,5,10,M,M,20,50,0,Low
503,9,11,M,F,0,40,0,High
503,9,11,M,F,40,50,0,Low
504,9,10,F,F,0,30,0,High
504,9,10,F,F,30,50,0,Low
505,8,16,M,F,0,30,0,Low
505,8,16,M,F,30,50,0,High
506,8,10,F,F,0,30,0,Low
506,8,10,F,F,30,50,0,High
507,10,11,M,F,0,20,0,High
507,10,11,M,F,20,40.79,1,Low
508,7,9,F,F,0,50,0,Low
509,9,15,F,F,0,16.86,1,High
510,6,12,F,F,0,20,0,Low
510,6,12,F,F,20,50,0,High
511,4,12,F,M,0,22.47,1,High
512,9,15,F,M,0,10,0,High
512,9,15,F,M,10,50,0,Low
513,7,13,M,M,0,40,0,Low
513,7,13,M,M,40,50,0,High
514,9,12,F,F,0,50,0,High
515,9,16,M,M,0,19.88,1,Low
516,6,16,M,F,0,40,0,Low
516,6,16,M,F,40,50,0,High
517,8,11,F,M,0,40,0,High
517,8,11,F,M,40,50,0,Low
518,8,9,F,M,0,20,0,Low
518,8,9,F,M,20,30,0,High
518,8,9,F,M,30,50,0,Low
519,6,9,F,M,0,50,0,Low
520,7,10,F,F,0,50,0,High
521,6,12,F,M,0,30,0,Low
521,6,12,F,M,30,50,0,High
522,10,13,M,M,0,10,0,Low
522,10,13,M,M,10,45.83,1,High
523,8,10,M,M,0,6.23,1,High
524,6,11,F,M,0,40,0,Low
524,6,11,F,M,40,50,0,High
525,5,10,M,F,0,40,0,High
525,5,10,M,F,40,50,0,Low
526,4,15,F,F,0,2.2,1,High
527,8,14,M,M,0,20,0,Low
527,8,14,M,M,20,30,0,High
527,8,14,M,M,30,50,0,Low
528,10,14,F,M,0,30,0,High
528,10,14,F,M,30,40,0,Low
528,10,14,F,M,40,50,0,High
529,10,16,F,F,0,40,0,Low
529,10,16,F,F,40,50,0,High
530,9,10,F,F,0,50,0,Low
531,10,14,M,M,0,30,0,Low
531,10,14,M,M,30,50,0,High
532,9,14,F,M,0,20,0,High
532,9,14,F,M,20,40,0,Low
532,9,14,F,M,40,50,0,High
533,5,9,F,F,0,40,0,Low
533,5,9,F,F,40,50,0,High
534,10,9,M,F,0,40,0,High
534,10,9,M,F,40,50,0,Low
535,5,9,F,F,0,40,0,Low
535,5,9,F,F,40,50,0,High
536,5,15,F,M,0,20,0,Low
536,5,15,F,M,20,50,0,High
537,10,11,F,M,0,10,0,High
537,10,11,F,M,10,30,0,Low
537,10,11,F,M,30,40,0,High
537,10,11,F,M,40,50,0,Low
538,5,13,F,F,0,20,0,Low
538,5,13,F,F,20,50,0,High
539,9,14,M,M,0,2.98,1,Low
540,9,13,F,M,0,50,0,High
541,9,16,F,M,0,30,0,High
541,9,16,F,M,30,50,0,Low
542,5,15,M,M,0,4.16,1,Low
543,8,10,F,F,0,50,0,High
544,8,10,M,M,0,20,0,Low
544,8,10,M,M,20,40,0,High
544,8,10,M,M,40,50,0,Low
545,5,14,F,M,0,40,0,High
545,5,14,F,M,40,50,0,Low
546,8,14,F,F,0,29.06,1,High
547,9,12,M,F,0,30.26,1,High
548,5,15,M,M,0,50,0,Low
549,7,14,M,M,0,40,0,High
549,7,14,M,M,40,50,0,Low
550,10,13,M,F,0,40,0,Low
550,10,13,M,F,40,50,0,High
551,4,11,M,M,0,20,0,Low
551,4,11,M,M,20,50,0,High
552,7,14,M,M,0,6.53,1,High
553,9,9,M,M,0,20,0,High
553,9,9,M,M,20,50,0,Low
554,9,10,F,F,0,40,0,Low
554,9,10,F,F,40,50,0,High
555,10,13,F,M,0,20,0,Low
555,10,13,F,M,20,49.14,1,High
556,7,10,F,F,0,10,0,High
556,7,10,F,F,10,30,0,Low
556,7,10,F,F,30,50,0,High
557,4,14,M,M,0,40,0,High
557,4,14,M,M,40,43.12,1,Low
558,9,11,M,M,0,22.15,1,High
559,7,9,M,M,0,40,0,High
559,7,9,M,M,40,50,0,Low
560,9,11,F,F,0,20,0,High
560,9,11,F,F,20,50,0,Low
561,6,15,F,M,0,20,0,Low
561,6,15,F,M,20,40,0,High
561,6,15,F,M,40,50,0,Low
562,4,9,M,M,0,10,0,Low
562,4,9,M,M,10,50,0,High
563,7,13,F,M,0,50,0,Low
564,10,10,M,M,0,40,0,Low
564,10,10,M,M,40,50,0,High
565,4,14,M,F,0,35.09,1,Low
566,8,9,F,F,0,40,0,Low
566,8,9,F,F,40,50,0,High
567,9,14,M,M,0,40,0,Low
567,9,14,M,M,40,50,0,High
568,10,15,M,M,0,10,0,High
568,10,15,M,M,10,50,0,Low
569,8,11,M,F,0,30,0,Low
569,8,11,M,F,30,50,0,High
570,5,13,M,M,0,20,0,High
570,5,13,M,M,20,40,0,Low
570,5,13,M,M,40,50,0,High
571,7,14,M,M,0,20,0,Low
571,7,14,M,M,20,22.97,1,High
572,8,15,F,F,0,40,0,High
572,8,15,F,F,40,50,0,Low
573,6,10,M,M,0,40,0,High
573,6,10,M,M,40,50,0,Low
574,8,16,M,F,0,10,0,Low
574,8,16,M,F,10,20,0,High
574,8,16,M,F,20,30,0,Low
574,8,16,M,F,30,50,0,High
575,9,9,M,F,0,20,0,Low
575,9,9,M,F,20,30,0,High
575,9,9,M,F,30,50,0,Low
576,7,16,M,F,0,10,0,Low
576,7,16,M,F,10,50,0,High
577,5,15,M,F,0,20,0,High
577,5,15,M,F,20,30,0,Low
577,5,15,M,F,30,40,0,High
577,5,15,M,F,40,50,0,Low
578,10,16,M,F,0,20,0,Low
578,10,16,M,F,20,50,0,High
579,8,12,M,M,0,21.32,1,Low
580,10,10,F,M,0,40,0,Low
580,10,10,F,M,40,50,0,High
581,10,13,M,F,0,5.78,1,High
582,5,10,F,M,0,22.82,1,High
583,10,12,F,F,0,20,0,High
583,10,12,F,F,20,40,0,Low
583,10,12,F,F,40,50,0,High
584,5,11,F,M,0,20,0,Low
584,5,11,F,M,20,50,0,High
585,10,15,F,M,0,10,0,High
585,10,15,F,M,10,10.85,1,Low
586,4,9,F,F,0,50,0,Low
587,10,15,F,M,0,10,0,Low
587,10,15,F,M,10,50,0,High
588,7,16,M,F,0,0.47,1,Low
589,9,13,M,M,0,4.57,1,High
590,9,12,F,M,0,18.37,1,Low
591,4,14,M,M,0,40,0,Low
591,4,14,M,M,40,50,0,High
592,6,14,M,M,0,50,0,High
593,8,16,M,M,0,20,0,High
593,8,16,M,M,20,50,0,Low
594,9,14,F,F,0,40,0,Low
594,9,14,F,F,40,50,0,High
595,4,12,M,M,0,10.51,1,Low
596,9,9,M,M,0,20,0,Low
596,9,9,M,M,20,50,0,High
597,10,14,M,F,0,40,0,Low
597,10,14,M,F,40,50,0,High
598,4,10,F,M,0,20,0,Low
598,4,10,F,M,20,20.46,1,High
599,9,16,M,F,0,1.09,1,High
600,4,9,F,F,0,12.16,1,Low
601,9,9,F,M,0,40,0,Low
601,9,9,F,M,40,50,0,High
602,8,11,M,F,0,50,0,Low
603,9,12,F,M,0,20,0,Low
603,9,12,F,M,20,40,0,High
603,9,12,F,M,40,50,0,Low
604,4,11,M,M,0,20,0,Low
604,4,11,M,M,20,36.96,1,High
605,5,9,M,M,0,40,0,High
605,5,9,M,M,40,50,0,Low
606,10,16,M,M,0,40,0,Low
606,10,16,M,M,40,50,0,High
607,7,12,M,F,0,30,0,Low
607,7,12,M,F,30,50,0,High
608,7,10,M,M,0,21.47,1,High
609,5,11,F,F,0,10,0,High
609,5,11,F,F,10,20,0,Low
609,5,11,F,F,20,50,0,High
610,4,16,M,M,0,40,0,Low
610,4,16,M,M,40,50,0,High
611,9,12,F,M,0,10.5,1,Low
612,5,9,M,M,0,4.28,1,High
613,5,12,F,M,0,1.06,1,High
614,8,9,F,F,0,40,0,High
614,8,9,F,F,40,50,0,Low
615,4,15,F,M,0,10,0,High
615,4,15,F,M,10,23.53,1,Low
616,6,10,M,M,0,40,0,High
616,6,10,M,M,40,50,0,Low
617,4,15,F,F,0,50,0,High
618,10,11,F,M,0,50,0,High
619,10,10,F,F,0,30,0,High
619,10,10,F,F,30,50,0,Low
620,6,10,F,F,0,12.15,1,High
621,4,16,M,F,0,10.6,1,Low
622,6,10,F,F,0,50,0,High
623,9,9,M,M,0,50,0,High
624,10,12,M,M,0,40,0,High
624,10,12,M,M,40,50,0,Low
625,9,13,M,M,0,5.85,1,Low
626,9,12,M,F,0,10,0,Low
626,9,12,M,F,10,39.87,1,High
627,8,15,F,F,0,40,0,Low
627,8,15,F,F,40,50,0,High
628,7,12,M,M,0,10,0,Low
628,7,12,M,M,10,30,0,High
628,7,12,M,M,30,40,0,Low
628,7,12,M,M,40,50,0,High
629,6,16,M,M,0,30,0,High
629,6,16,M,M,30,50,0,Low
630,7,14,M,F,0,30,0,High
630,7,14,M,F,30,50,0,Low
631,9,15,M,F,0,48.91,1,High
632,10,13,F,M,0,10,0,Low
632,10,13,F,M,10,12.74,1,High
633,4,10,M,M,0,11.37,1,High
634,6,11,F,M,0,6.32,1,High
635,8,15,F,M,0,20,0,Low
635,8,15,F,M,20,30,0,High
635,8,15,F,M,30,49.77,1,Low
636,4,11,F,M,0,12.41,1,Low
637,5,10,M,M,0,30,0,Low
637,5,10,M,M,30,42.33,1,High
638,10,10,F,M,0,40,0,Low
638,10,10,F,M,40,46.16,1,High
639,4,13,M,F,0,6.55,1,High
640,4,13,M,M,0,10,0,High
640,4,13,M,M,10,26.61,1,Low
641,7,10,F,M,0,50,0,Low
642,4,11,F,M,0,6.13,1,Low
643,5,11,F,F,0,30,0,High
643,5,11,F,F,30,43.89,1,Low
644,7,12,M,F,0,10,0,Low
644,7,12,M,F,10,40,0,High
644,7,12,M,F,40,50,0,Low
645,9,12,F,M,0,50,0,High
646,5,10,F,M,0,20,0,High
646,5,10,F,M,20,50,0,Low
647,4,9,F,F,0,30,0,High
647,4,9,F,F,30,50,0,Low
648,5,16,F,M,0,40,0,Low
648,5,16,F,M,40,50,0,High
649,9,16,F,M,0,40,0,Low
649,9,16,F,M,40,50,0,High
650,5,9,M,M,0,50,0,Low
651,7,9,F,F,0,50,0,High
652,8,11,F,F,0,40,0,Low
652,8,11,F,F,40,50,0,High
653,7,12,M,F,0,31.12,1,Low
654,8,9,F,M,0,10,0,High
654,8,9,F,M,10,50,0,Low
655,6,9,F,F,0,50,0,High
656,8,14,F,F,0,10,0,Low
656,8,14,F,F,10,30,0,High
656,8,14,F,F,30,50,0,Low
657,5,11,F,M,0,50,0,Low
658,7,16,M,M,0,35.38,1,Low
659,7,9,M,M,0,10,0,Low
659,7,9,M,M,10,30,0,High
659,7,9,M,M,30,40,0,Low
659,7,9,M,M,40,50,0,High
660,8,12,M,M,0,30,0,High
660,8,12,M,M,30,50,0,Low
661,7,16,M,F,0,10,0,Low
661,7,16,M,F,10,50,0,High
662,9,10,M,M,0,11.36,1,Low
663,9,9,M,M,0,30,0,Low
663,9,9,M,M,30,40,0,High
663,9,9,M,M,40,50,0,Low
664,8,10,M,M,0,10,0,Low
664,8,10,M,M,10,40,0,High
664,8,10,M,M,40,50,0,Low
665,9,13,F,F,0,6.71,1,High
666,6,12,F,M,0,47.58,1,Low
667,8,14,F,M,0,11.24,1,Low
668,4,9,F,M,0,10,0,Low
668,4,9,F,M,10,35.64,1,High
669,7,12,F,F,0,22.81,1,Low
670,6,11,M,F,0,10,0,Low
670,6,11,M,F,10,20,0,High
670,6,11,M,F,20,30,0,Low
670,6,11,M,F,30,37.37,1,High
671,8,14,F,M,0,17.65,1,High
672,7,11,F,M,0,30,0,High
672,7,11,F,M,30,40,0,Low
672,7,11,F,M,40,50,0,High
673,5,12,F,F,0,40,0,High
673,5,12,F,F,40,50,0,Low
674,10,13,M,F,0,10,0,High
674,10,13,M,F,10,30,0,Low
674,10,13,M,F,30,30.53,1,High
675,6,16,M,M,0,10,0,Low
675,6,16,M,M,10,50,0,High
676,5,11,F,M,0,20,0,High
676,5,11,F,M,20,50,0,Low
677,4,14,F,M,0,6.84,1,High
678,10,12,M,M,0,10,0,High
678,10,12,M,M,10,31.05,1,Low
679,5,15,M,M,0,50,0,High
680,10,10,M,M,0,10,0,Low
680,10,10,M,M,10,20,0,High
680,10,10,M,M,20,50,0,Low
681,5,10,F,M,0,20,0,Low
681,5,10,F,M,20,30,0,High
681,5,10,F,M,30,50,0,Low
682,9,13,M,F,0,31.84,1,Low
683,10,12,F,M,0,2.16,1,Low
684,7,16,M,M,0,25.61,1,Low
685,5,10,M,F,0,40,0,Low
685,5,10,M,F,40,50,0,High
686,7,14,F,M,0,10,0,High
686,7,14,F,M,10,50,0,Low
687,8,14,M,M,0,15.49,1,Low
688,4,16,F,F,0,29.8,1,High
689,6,10,F,M,0,17.56,1,Low
690,4,9,F,F,0,40,0,High
690,4,9,F,F,40,50,0,Low
691,9,13,M,M,0,50,0,High
692,4,11,F,F,0,30,0,High
692,4,11,F,F,30,40,0,Low
692,4,11,F,F,40,50,0,High
693,10,14,M,F,0,34.61,1,Low
694,6,13,M,M,0,4.39,1,Low
695,7,12,M,F,0,20,0,High
695,7,12,M,F,20,50,0,Low
696,10,13,M,M,0,20,0,High
696,10,13,M,M,20,29.5,1,Low
697,7,16,M,F,0,30,0,Low
697,7,16,M,F,30,50,0,High
698,9,14,M,F,0,40,0,High
698,9,14,M,F,40,50,0,Low
699,8,11,M,M,0,12.45,1,High
700,6,12,F,M,0,26.47,1,Low
701,9,9,F,F,0,20,0,High
701,9,9,F,F,20,40,0,Low
701,9,9,F,F,40,50,0,High
702,8,14,M,M,0,27.03,1,High
703,6,12,M,F,0,20,0,Low
703,6,12,M,F,20,50,0,High
704,6,9,F,M,0,30,0,High
704,6,9,F,M,30,50,0,Low
705,5,9,F,F,0,30,0,Low
705,5,9,F,F,30,50,0,High
706,9,13,M,M,0,30,0,High
706,9,13,M,M,30,50,0,Low
707,8,9,F,M,0,20,0,High
707,8,9,F,M,20,40,0,Low
707,8,9,F,M,40,50,0,High
708,8,15,F,M,0,40,0,Low
708,8,15,F,M,40,50,0,High
709,5,9,M,F,0,40,0,High
709,5,9,M,F,40,50,0,Low
710,9,16,F,F,0,20,0,High
710,9,16,F,F,20,50,0,Low
711,7,10,M,F,0,50,0,Low
712,5,11,F,M,0,36.4,1,Low
713,6,9,F,F,0,20,0,Low
713,6,9,F,F,20,50,0,High
714,5,16,F,M,0,40,0,Low
714,5,16,F,M,40,50,0,High
715,8,9,F,M,0,20,0,High
715,8,9,F,M,20,50,0,Low
716,10,9,F,M,0,20,0,Low
716,10,9,F,M,20,50,0,High
717,10,14,M,M,0,20,0,High
717,10,14,M,M,20,50,0,Low
718,5,16,F,M,0,30,0,Low
718,5,16,F,M,30,40,0,High
718,5,16,F,M,40,49.31,1,Low
719,5,11,M,M,0,45.89,1,High
720,10,14,M,F,0,30,0,High
720,10,14,M,F,30,40,0,Low
720,10,14,M,F,40,50,0,High
721,4,15,F,M,0,17.84,1,Low
722,10,11,M,M,0,50,0,High
723,10,9,F,F,0,10,0,High
723,10,9,F,F,10,18.86,1,Low
724,4,9,M,M,0,9.99,1,Low
725,4,13,M,F,0,5.93,1,High
726,5,10,F,F,0,10,0,High
726,5,10,F,F,10,30,0,Low
726,5,10,F,F,30,40,0,High
726,5,10,F,F,40,50,0,Low
727,7,11,F,F,0,12.75,1,High
728,7,13,F,F,0,50,0,High
729,7,10,M,F,0,30,0,High
729,7,10,M,F,30,50,0,Low
730,9,13,F,F,0,20,0,Low
730,9,13,F,F,20,50,0,High
731,4,16,M,M,0,30,0,High
731,4,16,M,M,30,50,0,Low
732,8,9,M,F,0,30,0,High
732,8,9,M,F,30,50,0,Low
733,6,16,F,F,0,10,0,High
733,6,16,F,F,10,40,0,Low
733,6,16,F,F,40,50,0,High
734,5,14,M,M,0,15.59,1,Low
735,5,10,M,M,0,20,0,High
735,5,10,M,M,20,40,0,Low
735,5,10,M,M,40,50,0,High
736,7,11,F,F,0,20,0,High
736,7,11,F,F,20,50,0,Low
737,7,12,F,F,0,40,0,High
737,7,12,F,F,40,47.13,1,Low
738,9,11,M,F,0,40,0,Low
738,9,11,M,F,40,50,0,High
739,8,10,F,M,0,50,0,High
740,10,12,F,F,0,30,0,High
740,10,12,F,F,30,50,0,Low
741,4,11,F,M,0,50,0,High
742,8,12,F,F,0,50,0,High
743,5,9,F,F,0,10,0,Low
743,5,9,F,F,10,50,0,High
744,5,15,F,M,0,10,0,Low
744,5,15,F,M,10,20,0,High
744,5,15,F,M,20,50,0,Low
745,9,9,F,F,0,20,0,High
745,9,9,F,F,20,50,0,Low
746,8,11,F,F,0,30,0,Low
746,8,11,F,F,30,40,0,High
746,8,11,F,F,40,50,0,Low
747,7,9,F,M,0,30,0,High
747,7,9,F,M,30,38.41,1,Low
748,4,9,M,F,0,30,0,High
748,4,9,M,F,30,50,0,Low
749,7,16,M,M,0,28.96,1,Low
750,8,13,M,F,0,9.27,1,High
751,10,14,M,M,0,20,0,High
751,10,14,M,M,20,30,0,Low
751,10,14,M,M,30,50,0,High
752,7,14,F,M,0,30,0,Low
752,7,14,F,M,30,50,0,High
753,10,11,M,F,0,10,0,Low
753,10,11,M,F,10,20,0,High
753,10,11,M,F,20,27.76,1,Low
754,9,14,F,F,0,50,0,High
755,5,13,F,F,0,21.31,1,Low
756,7,12,F,M,0,50,0,High
757,8,10,M,F,0,40,0,High
757,8,10,M,F,40,50,0,Low
758,8,11,F,F,0,10,0,Low
758,8,11,F,F,10,50,0,High
759,10,9,M,F,0,30,0,Low
759,10,9,M,F,30,40,0,High
759,10,9,M,F,40,50,0,Low
760,8,16,M,F,0,50,0,Low
761,10,15,M,F,0,30,0,Low
761,10,15,M,F,30,50,0,High
762,8,10,M,F,0,10,0,Low
762,8,10,M,F,10,50,0,High
763,6,12,M,M,0,20.58,1,Low
764,8,12,F,F,0,20,0,Low
764,8,12,F,F,20,50,0,High
765,6,14,M,F,0,18.81,1,High
766,9,10,F,F,0,30,0,Low
766,9,10,F,F,30,50,0,High
767,7,14,F,M,0,1.52,1,High
768,6,14,F,F,0,20,0,Low
768,6,14,F,F,20,40,0,High
768,6,14,F,F,40,43.2,1,Low
769,7,9,F,M,0,20,0,High
769,7,9,F,M,20,40,0,Low
769,7,9,F,M,40,50,0,High
770,8,14,F,F,0,22.86,1,Low
771,8,16,M,F,0,20,0,High
771,8,16,M,F,20,30,0,Low
771,8,16,M,F,30,50,0,High
772,6,9,F,M,0,30,0,Low
772,6,9,F,M,30,50,0,High
773,7,13,F,F,0,10,0,High
773,7,13,F,F,10,12.83,1,Low
774,7,9,F,F,0,20,0,Low
774,7,9,F,F,20,50,0,High
775,9,12,F,M,0,20,0,High
775,9,12,F,M,20,30,0,Low
775,9,12,F,M,30,40,0,High
775,9,12,F,M,40,50,0,Low
776,9,15,F,M,0,22.5,1,Low
777,9,10,M,F,0,10,0,High
777,9,10,M,F,10,24.26,1,Low
778,8,14,M,F,0,10,0,Low
778,8,14,M,F,10,50,0,High
779,8,15,F,F,0,10,0,High
779,8,15,F,F,10,13.82,1,Low
780,10,15,M,M,0,50,0,Low
781,8,9,M,M,0,50,0,High
782,5,12,F,F,0,30,0,Low
782,5,12,F,F,30,50,0,High
783,10,10,F,F,0,40,0,High
783,10,10,F,F,40,50,0,Low
784,9,11,M,F,0,30,0,Low
784,9,11,M,F,30,37.46,1,High
785,10,11,M,F,0,40,0,High
785,10,11,M,F,40,42.71,1,Low
786,9,13,M,F,0,30,0,High
786,9,13,M,F,30,41.02,1,Low
787,9,12,F,M,0,12.49,1,Low
788,9,14,M,F,0,10,0,Low
788,9,14,M,F,10,20,0,High
788,9,14,M,F,20,50,0,Low
789,8,9,M,F,0,30,0,Low
789,8,9,M,F,30,50,0,High
790,9,14,F,F,0,30,0,Low
790,9,14,F,F,30,50,0,High
791,10,15,F,M,0,10,0,Low
791,10,15,F,M,10,50,0,High
792,5,10,M,M,0,20,0,High
792,5,10,M,M,20,23.7,1,Low
793,7,14,F,F,0,50,0,High
794,5,9,F,M,0,20,0,Low
794,5,9,F,M,20,50,0,High
795,10,15,F,F,0,10,0,High
795,10,15,F,F,10,30,0,Low
795,10,15,F,F,30,50,0,High
796,7,14,M,M,0,30,0,Low
796,7,14,M,M,30,50,0,High
797,8,16,F,M,0,30,0,High
797,8,16,F,M,30,50,0,Low
798,7,9,M,M,0,10,0,Low
798,7,9,M,M,10,50,0,High
799,5,11,F,M,0,40,0,High
799,5,11,F,M,40,50,0,Low
800,8,10,M,F,0,40,0,High
800,8,10,M,F,40,50,0,Low
801,5,11,M,M,0,50,0,Low
802,7,15,M,F,0,6.92,1,High
803,5,9,M,F,0,10,0,Low
803,5,9,M,F,10,50,0,High
804,5,13,F,F,0,10,0,High
804,5,13,F,F,10,40,0,Low
804,5,13,F,F,40,50,0,High
805,9,10,F,M,0,10,0,Low
805,9,10,F,M,10,50,0,High
806,6,11,M,M,0,20,0,Low
806,6,11,M,M,20,50,0,High
807,4,15,M,F,0,0.07,1,High
808,4,16,M,F,0,30,0,Low
808,4,16,M,F,30,50,0,High
809,6,9,F,M,0,30,0,High
809,6,9,F,M,30,50,0,Low
810,6,15,M,M,0,30,0,High
810,6,15,M,M,30,43.65,1,Low
811,8,9,F,M,0,30,0,High
811,8,9,F,M,30,50,0,Low
812,8,16,F,F,0,30,0,Low
812,8,16,F,F,30,40,0,High
812,8,16,F,F,40,50,0,Low
813,6,9,F,F,0,20,0,High
813,6,9,F,F,20,30,0,Low
813,6,9,F,F,30,50,0,High
814,6,13,M,M,0,1.24,1,Low
815,6,11,M,M,0,31.03,1,Low
816,6,14,M,F,0,20,0,High
816,6,14,M,F,20,24.36,1,Low
817,8,15,M,M,0,30,0,Low
817,8,15,M,M,30,50,0,High
818,9,9,M,M,0,30,0,Low
818,9,9,M,M,30,40,0,High
818,9,9,M,M,40,50,0,Low
819,8,14,M,M,0,40,0,Low
819,8,14,M,M,40,50,0,High
820,4,15,M,M,0,1.94,1,Low
821,7,9,M,F,0,30,0,High
821,7,9,M,F,30,50,0,Low
822,6,16,M,F,0,20,0,Low
822,6,16,M,F,20,50,0,High
823,4,14,F,F,0,20,0,Low
823,4,14,F,F,20,50,0,High
824,5,12,M,M,0,31.41,1,Low
825,5,9,F,M,0,40,0,Low
825,5,9,F,M,40,50,0,High
826,8,9,F,F,0,40,0,High
826,8,9,F,F,40,45.48,1,Low
827,8,10,F,F,0,10,0,Low
827,8,10,F,F,10,30,0,High
827,8,10,F,F,30,40,0,Low
827,8,10,F,F,40,50,0,High
828,9,11,M,M,0,50,0,High
829,5,15,F,M,0,17.12,1,Low
830,4,15,M,M,0,37.56,1,High
831,10,14,F,M,0,20,0,Low
831,10,14,F,M,20,30,0,High
831,10,14,F,M,30,50,0,Low
832,10,16,F,M,0,20,0,High
832,10,16,F,M,20,26.07,1,Low
833,4,12,M,M,0,20,0,Low
833,4,12,M,M,20,23.75,1,High
834,8,14,F,M,0,10,0,Low
834,8,14,F,M,10,40,0,High
834,8,14,F,M,40,50,0,Low
835,10,9,F,M,0,18.75,1,Low
836,10,16,M,F,0,3.84,1,High
837,8,16,M,F,0,30,0,Low
837,8,16,M,F,30,50,0,High
838,9,16,M,F,0,7.17,1,High
839,7,12,M,M,0,16.67,1,Low
840,5,14,M,F,0,9.01,1,Low
841,9,10,M,F,0,50,0,High
842,9,13,M,F,0,14.51,1,Low
843,7,9,F,F,0,30,0,High
843,7,9,F,F,30,50,0,Low
844,10,11,M,M,0,1.18,1,Low
845,6,9,M,F,0,20,0,High
845,6,9,M,F,20,30,0,Low
845,6,9,M,F,30,50,0,High
846,8,15,M,M,0,50,0,High
847,4,9,M,M,0,10,0,Low
847,4,9,M,M,10,30,0,High
847,4,9,M,M,30,50,0,Low
848,6,9,M,F,0,40,0,High
848,6,9,M,F,40,50,0,Low
849,10,9,F,M,0,30,0,High
849,10,9,F,M,30,47.9,1,Low
850,8,9,M,F,0,40,0,Low
850,8,9,M,F,40,50,0,High
851,7,11,M,F,0,10,0,Low
851,7,11,M,F,10,50,0,High
852,9,15,M,M,0,30,0,High
852,9,15,M,M,30,50,0,Low
853,8,13,M,M,0,14.06,1,High
854,10,16,M,F,0,10,0,High
854,10,16,M,F,10,50,0,Low
855,6,10,M,M,0,20,0,High
855,6,10,M,M,20,50,0,Low
856,7,15,M,M,0,40,0,High
856,7,15,M,M,40,50,0,Low
857,6,12,M,F,0,4.56,1,High
858,4,16,F,F,0,50,0,High
859,7,9,M,M,0,50,0,High
860,8,9,F,F,0,50,0,High
861,4,14,F,M,0,14.82,1,Low
862,10,10,M,F,0,20,0,Low
862,10,10,M,F,20,41.04,1,High
863,10,16,M,F,0,20,0,High
863,10,16,M,F,20,50,0,Low
864,8,12,F,M,0,20,0,Low
864,8,12,F,M,20,50,0,High
865,7,15,F,M,0,30,0,Low
865,7,15,F,M,30,40,0,High
865,7,15,F,M,40,50,0,Low
866,10,9,F,F,0,40,0,High
866,10,9,F,F,40,50,0,Low
867,7,15,M,F,0,10,0,High
867,7,15,M,F,10,30,0,Low
867,7,15,M,F,30,50,0,High
868,4,16,M,M,0,0.61,1,High
869,7,13,M,M,0,20,0,Low
869,7,13,M,M,20,40,0,High
869,7,13,M,M,40,50,0,Low
870,7,10,M,F,0,10,0,High
870,7,10,M,F,10,40,0,Low
870,7,10,M,F,40,50,0,High
871,7,14,F,M,0,30,0,Low
871,7,14,F,M,30,50,0,High
872,10,16,F,M,0,40,0,Low
872,10,16,F,M,40,50,0,High
873,7,12,F,F,0,10,0,Low
873,7,12,F,F,10,40,0,High
873,7,12,F,F,40,50,0,Low
874,4,12,M,F,0,4.42,1,Low
875,6,10,M,M,0,10,0,Low
875,6,10,M,M,10,30,0,High
875,6,10,M,M,30,40,0,Low
875,6,10,M,M,40,50,0,High
876,9,12,M,F,0,4.7,1,High
877,6,15,F,M,0,30,0,Low
877,6,15,F,M,30,50,0,High
878,6,11,F,F,0,40,0,High
878,6,11,F,F,40,50,0,Low
879,7,13,F,M,0,10,0,High
879,7,13,F,M,10,50,0,Low
880,6,9,F,F,0,30,0,High
880,6,9,F,F,30,50,0,Low
881,9,11,F,M,0,20,0,Low
881,9,11,F,M,20,50,0,High
882,4,15,M,F,0,10,0,High
882,4,15,M,F,10,15.48,1,Low
883,6,11,M,M,0,30,0,Low
883,6,11,M,M,30,50,0,High
884,7,12,M,M,0,16.65,1,Low
885,7,11,F,M,0,11.87,1,High
886,8,14,M,F,0,10,0,High
886,8,14,M,F,10,50,0,Low
887,5,14,M,M,0,8.67,1,High
888,9,10,F,M,0,50,0,High
889,10,15,F,F,0,30,0,High
889,10,15,F,F,30,34.38,1,Low
890,10,10,F,F,0,50,0,High
891,5,15,F,M,0,50,0,High
892,5,16,F,F,0,16.66,1,High
893,6,16,F,M,0,30,0,Low
893,6,16,F,M,30,50,0,High
894,10,16,M,M,0,40,0,Low
894,10,16,M,M,40,50,0,High
895,9,11,M,F,0,30,0,Low
895,9,11,M,F,30,40,0,High
895,9,11,M,F,40,50,0,Low
896,5,12,M,M,0,30,0,High
896,5,12,M,M,30,50,0,Low
897,10,10,F,F,0,10,0,Low
897,10,10,F,F,10,50,0,High
898,4,12,F,F,0,10,0,High
898,4,12,F,F,10,30,0,Low
898,4,12,F,F,30,32.03,1,High
899,7,10,M,F,0,40,0,High
899,7,10,M,F,40,50,0,Low
900,10,10,M,F,0,50,0,High
901,6,12,M,F,0,30,0,High
901,6,12,M,F,30,34.07,1,Low
902,9,11,F,M,0,10,0,High
902,9,11,F,M,10,30,0,Low
902,9,11,F,M,30,50,0,High
903,5,16,M,M,0,30,0,Low
903,5,16,M,M,30,50,0,High
904,9,14,F,F,0,33.12,1,High
905,9,13,F,M,0,40,0,Low
905,9,13,F,M,40,50,0,High
906,8,15,M,M,0,10,0,Low
906,8,15,M,M,10,50,0,High
907,7,11,M,M,0,40,0,High
907,7,11,M,M,40,50,0,Low
908,7,12,M,F,0,28.91,1,High
909,6,15,M,M,0,20,0,High
909,6,15,M,M,20,50,0,Low
910,8,12,F,M,0,20,0,Low
910,8,12,F,M,20,35.73,1,High
911,9,14,M,F,0,3.35,1,Low
912,10,10,F,M,0,50,0,High
913,8,13,F,M,0,20,0,Low
913,8,13,F,M,20,30,0,High
913,8,13,F,M,30,50,0,Low
914,7,9,M,M,0,40,0,Low
914,7,9,M,M,40,50,0,High
915,6,9,M,M,0,10,0,Low
915,6,9,M,M,10,50,0,High
916,7,14,F,M,0,10,0,High
916,7,14,F,M,10,30,0,Low
916,7,14,F,M,30,47.97,1,High
917,6,15,M,F,0,10,0,High
917,6,15,M,F,10,20,0,Low
917,6,15,M,F,20,50,0,High
918,8,11,M,M,0,30,0,High
918,8,11,M,M,30,50,0,Low
919,10,13,F,M,0,10,0,High
919,10,13,F,M,10,42.33,1,Low
920,6,10,M,F,0,30,0,Low
920,6,10,M,F,30,50,0,High
921,7,10,M,F,0,40,0,High
921,7,10,M,F,40,50,0,Low
922,9,9,F,F,0,40,0,High
922,9,9,F,F,40,50,0,Low
923,7,15,F,F,0,40,0,Low
923,7,15,F,F,40,50,0,High
924,4,14,F,M,0,19.03,1,High
925,10,12,M,M,0,10,0,High
925,10,12,M,M,10,17.96,1,Low
926,4,10,M,M,0,24.8,1,High
927,8,11,F,F,0,30,0,High
927,8,11,F,F,30,50,0,Low
928,8,9,F,F,0,10,0,High
928,8,9,F,F,10,33.64,1,Low
929,8,14,M,F,0,10.31,1,High
930,8,12,F,M,0,20,0,High
930,8,12,F,M,20,26.41,1,Low
931,10,13,F,M,0,10,0,Low
931,10,13,F,M,10,30,0,High
931,10,13,F,M,30,31.14,1,Low
932,4,13,M,M,0,13.45,1,Low
933,9,10,F,F,0,10,0,High
933,9,10,F,F,10,50,0,Low
934,4,10,M,F,0,10,0,Low
934,4,10,M,F,10,48.71,1,High
935,7,16,F,F,0,40,0,Low
935,7,16,F,F,40,50,0,High
936,6,10,F,M,0,20,0,Low
936,6,10,F,M,20,50,0,High
937,7,14,M,F,0,10,0,High
937,7,14,M,F,10,50,0,Low
938,4,9,M,M,0,20,0,High
938,4,9,M,M,20,40,0,Low
938,4,9,M,M,40,50,0,High
939,8,13,F,F,0,7.43,1,High
940,5,13,F,F,0,1.11,1,Low
941,10,16,M,F,0,50,0,High
942,5,16,M,F,0,50,0,Low
943,5,12,M,F,0,20,0,High
943,5,12,M,F,20,30,0,Low
943,5,12,M,F,30,40,0,High
943,5,12,M,F,40,50,0,Low
944,4,16,M,M,0,7.01,1,Low
945,8,15,M,F,0,40,0,High
945,8,15,M,F,40,50,0,Low
946,8,12,F,F,0,30,0,High
946,8,12,F,F,30,50,0,Low
947,8,13,F,M,0,20,0,High
947,8,13,F,M,20,50,0,Low
948,9,13,M,F,0,40,0,High
948,9,13,M,F,40,50,0,Low
949,5,10,F,F,0,50,0,Low
950,5,13,M,F,0,9.2,1,Low
951,8,12,M,F,0,10,0,High
951,8,12,M,F,10,50,0,Low
952,9,12,F,F,0,30,0,High
952,9,12,F,F,30,34.04,1,Low
953,4,14,M,F,0,35.06,1,High
954,10,10,M,M,0,30,0,High
954,10,10,M,M,30,50,0,Low
955,8,14,F,M,0,50,0,High
956,8,12,F,M,0,30,0,Low
956,8,12,F,M,30,50,0,High
957,9,15,F,M,0,47.33,1,Low
958,8,9,M,M,0,30,0,Low
958,8,9,M,M,30,50,0,High
959,5,11,F,M,0,7.66,1,High
960,7,12,F,M,0,7.07,1,High
961,8,10,M,F,0,5.38,1,Low
962,7,14,M,M,0,10,0,High
962,7,14,M,M,10,30,0,Low
962,7,14,M,M,30,50,0,High
963,7,12,F,F,0,20,0,Low
963,7,12,F,F,20,50,0,High
964,9,11,M,F,0,30,0,High
964,9,11,M,F,30,50,0,Low
965,9,9,M,M,0,20,0,High
965,9,9,M,M,20,50,0,Low
966,5,10,F,M,0,10,0,Low
966,5,10,F,M,10,20,0,High
966,5,10,F,M,20,50,0,Low
967,10,16,M,F,0,10,0,High
967,10,16,M,F,10,50,0,Low
968,5,11,M,M,0,40,0,High
968,5,11,M,M,40,50,0,Low
969,7,12,F,F,0,3.22,1,High
970,10,14,F,M,0,10,0,High
970,10,14,F,M,10,14.11,1,Low
971,9,10,M,F,0,10,0,High
971,9,10,M,F,10,22.92,1,Low
972,5,11,M,F,0,50,0,Low
973,5,13,M,F,0,0.28,1,High
974,7,15,M,F,0,30,0,Low
974,7,15,M,F,30,50,0,High
975,8,16,M,M,0,10,0,Low
975,8,16,M,M,10,30,0,High
975,8,16,M,M,30,50,0,Low
976,7,13,M,M,0,8.62,1,High
977,10,16,M,M,0,20,0,Low
977,10,16,M,M,20,30,0,High
977,10,16,M,M,30,50,0,Low
978,7,12,F,M,0,40,0,High
978,7,12,F,M,40,50,0,Low
979,8,11,F,M,0,50,0,Low
980,10,10,M,M,0,35.25,1,Low
981,8,13,F,M,0,40,0,High
981,8,13,F,M,40,50,0,Low
982,8,12,F,F,0,50,0,Low
983,7,15,F,M,0,18.91,1,Low
984,4,9,F,M,0,50,0,Low
985,8,10,M,M,0,50,0,High
986,8,13,M,M,0,40,0,Low
986,8,13,M,M,40,50,0,High
987,10,11,F,M,0,19.84,1,Low
988,9,12,F,M,0,20,0,Low
988,9,12,F,M,20,50,0,High
989,5,15,F,F,0,30,0,High
989,5,15,F,F,30,50,0,Low
990,8,12,F,F,0,16.82,1,Low
991,9,9,M,M,0,50,0,Low
992,7,16,M,M,0,20,0,High
992,7,16,M,M,20,40,0,Low
992,7,16,M,M,40,50,0,High
993,6,14,F,M,0,37.09,1,Low
994,9,9,M,M,0,20,0,Low
994,9,9,M,M,20,50,0,High
995,5,13,M,M,0,27.57,1,Low
996,5,11,M,F,0,20,0,Low
996,5,11,M,F,20,30,0,High
996,5,11,M,F,30,50,0,Low
997,10,9,F,F,0,10,0,High
997,10,9,F,F,10,50,0,Low
998,4,9,F,M,0,50,0,High
999,7,15,F,M,0,30,0,High
999,7,15,F,M,30,40,0,Low
999,7,15,F,M,40,50,0,High
1000,10,14,F,F,0,10,0,Low
1000,10,14,F,F,10,50,0,High
